"1","FBS","ACC","Boston College Eagles","bostoncollege","Boston College","983"
"2","FBS","ACC","Clemson Tigers","clemson","Clemson","5885"
"3","FBS","ACC","Duke Blue Devils","duke","Duke","1035"
"4","FBS","ACC","Florida State Seminoles","floridastate","Florida State","5512"
"5","FBS","ACC","Georgia Tech Yellow Jackets","georgiatech","Georgia Tech","4395"
"6","FBS","ACC","Louisville Cardinals","louisville","Louisville","1432"
"7","FBS","ACC","Miami Hurricanes","miami","Miami","3288"
"9","FBS","ACC","North Carolina Tar Heels","northcarolina","North Carolina","2361"
"8","FBS","ACC","NC State Wolfpack","ncstate","NC State","2173"
"10","FBS","ACC","Pittsburgh Panthers","pittsburgh","Pittsburgh","2121"
"11","FBS","ACC","Syracuse Orange","syracuse","Syracuse","1356"
"12","FBS","ACC","Virginia Cavaliers","virginia","Virginia","1609"
"13","FBS","ACC","Virginia Tech Hokies","virginiatech","Virginia Tech","4595"
"14","FBS","ACC","Wake Forest Demon Deacons","wakeforest","Wake Forest","698"
"15","FBS","ACC","Florida State Seminoles Alternate","floridastate2","Florida State","823"
"16","FBS","Big 12","Baylor Bears","baylor","Baylor","2213"
"17","FBS","Big 12","Iowa State Cyclones","iowastate","Iowa State","2875"
"18","FBS","Big 12","Kansas Jayhawks","kansas","Kansas","2025"
"19","FBS","Big 12","Kansas State Wildcats","kansasstate","Kansas State","1916"
"20","FBS","Big 12","Oklahoma Sooners","oklahoma","Oklahoma","7307"
"21","FBS","Big 12","Oklahoma State Cowboys","oklahomastate","Oklahoma State","2241"
"22","FBS","Big 12","TCU Horned Frogs","tcu","TCU","1942"
"23","FBS","Big 12","Texas Longhorns","texas","Texas","9200"
"24","FBS","Big 12","Texas Tech Red Raiders","texastech","Texas Tech","2566"
"25","FBS","Big 12","West Virginia Mountaineers","westvirginia","West Virginia","2427"
"26","FBS","Big 12","Texas Longhorns Alternate","texas2","Texas","382"
"27","FBS","Big 12","Texas Tech Red Raiders Alternate","texastech2","Texas Tech","343"
"28","FBS","Big 12","Texas Longhorns Trophy","texas3","Texas","312"
"32","FBS","Big Ten","Illinois Fighting Illini","illinois","Illinois","2432"
"33","FBS","Big Ten","Indiana Hoosiers","indiana","Indiana","1870"
"34","FBS","Big Ten","Iowa Hawkeyes","iowa","Iowa","4396"
"35","FBS","Big Ten","Maryland Terrapins","maryland","Maryland","2129"
"36","FBS","Big Ten","Michigan Wolverines","michigan","Michigan","14470"
"37","FBS","Big Ten","Michigan State Spartans","michiganstate","Michigan State","6356"
"38","FBS","Big Ten","Minnesota Golden Gophers","minnesota","Minnesota","3455"
"39","FBS","Big Ten","Nebraska Cornhuskers","nebraska","Nebraska","5741"
"40","FBS","Big Ten","Northwestern Wildcats","northwestern","Northwestern","1512"
"41","FBS","Big Ten","Ohio State Buckeyes","ohiostate","Ohio State","14457"
"42","FBS","Big Ten","Penn State Nittany Lions","pennstate","Penn State","6939"
"43","FBS","Big Ten","Purdue Boilermakers","purdue","Purdue","2672"
"44","FBS","Big Ten","Rutgers Scarlet Knights","rutgers","Rutgers","1779"
"45","FBS","Big Ten","Wisconsin Badgers","wisconsin","Wisconsin","6516"
"46","FBS","Big Ten","Indiana Hoosiers Alternate","indiana2","Indiana","153"
"47","FBS","Big Ten","Michigan Wolverines Alternate","michigan2","Michigan","1976"
"48","FBS","Big Ten","Ohio State Buckeyes Alternate","ohiostate2","Ohio State","3038"
"54","FBS","Pac-12","Arizona Wildcats","arizona","Arizona","1540"
"55","FBS","Pac-12","Arizona State Sun Devils","arizonastate","Arizona State","2698"
"56","FBS","Pac-12","California Golden Bears","california","California","2192"
"57","FBS","Pac-12","Colorado Buffaloes","colorado","Colorado","2232"
"58","FBS","Pac-12","Oregon Ducks","oregon","Oregon","5829"
"59","FBS","Pac-12","Oregon State Beavers","oregonstate","Oregon State","1874"
"60","FBS","Pac-12","Stanford Cardinal","stanford","Stanford","2067"
"61","FBS","Pac-12","UCLA Bruins","ucla","UCLA","2721"
"62","FBS","Pac-12","USC Trojans","usc","USC","4963"
"63","FBS","Pac-12","Utah Utes","utah","Utah","2515"
"64","FBS","Pac-12","Washington Huskies","washington","Washington","4134"
"65","FBS","Pac-12","Washington State Cougars","washingtonstate","Washington State","2352"
"66","FBS","Pac-12","Oregon Ducks Alternate","oregon2","Oregon","927"
"67","FBS","Pac-12","Stanford Cardinal Alternate","stanford2","Stanford","57"
"68","FBS","Pac-12","California Golden Bears Alternate","california2","California","360"
"70","FBS","SEC","Alabama Crimson Tide","alabama","Alabama","10269"
"71","FBS","SEC","Arkansas Razorbacks","arkansas","Arkansas","3586"
"72","FBS","SEC","Auburn Tigers","auburn","Auburn","5527"
"73","FBS","SEC","Florida Gators","florida","Florida","6775"
"74","FBS","SEC","Georgia Bulldogs","georgia","Georgia","9825"
"75","FBS","SEC","Kentucky Wildcats","kentucky","Kentucky","2431"
"76","FBS","SEC","LSU Tigers","lsu","LSU","6502"
"77","FBS","SEC","Mississippi State Bulldogs","mississippistate","Mississippi State","1768"
"78","FBS","SEC","Missouri Tigers","missouri","Missouri","2621"
"79","FBS","SEC","Ole Miss Rebels","olemiss","Ole Miss","1484"
"80","FBS","SEC","South Carolina Gamecocks","southcarolina","South Carolina","4193"
"81","FBS","SEC","Tennessee Volunteers","tennessee","Tennessee","6796"
"82","FBS","SEC","Texas A&M Aggies","texasam","Texas A&M","6185"
"83","FBS","SEC","Vanderbilt Commodores","vanderbilt","Vanderbilt","1168"
"84","FBS","SEC","Alabama Crimson Tide Alternate","alabama2","Alabama","1349"
"85","FBS","SEC","Kentucky Wildcats Alternate","kentucky2","Kentucky","339"
"86","FBS","SEC","Ole Miss Rebels Alternate","olemiss2","Ole Miss","457"
"87","FBS","SEC","Texas A&M Aggies Alternate","texasam2","Texas A&M","2373"
"88","FBS","SEC","Florida Gators Alternate","florida2","Florida","1689"
"93","FBS","FBS Independents","Army West Point Black Knights","army","Army","1178"
"94","FBS","FBS Independents","BYU Cougars","byu","BYU","1584"
"98","FBS","FBS Independents","Notre Dame Fighting Irish","notredame","Notre Dame","7340"
"100","FBS","American","Cincinnati Bearcats","cincinnati","Cincinnati","2353"
"95","FBS","FBS Independents","Connecticut Huskies","connecticut","Connecticut","785"
"101","FBS","American","ECU Pirates","ecu","ECU","593"
"102","FBS","American","Houston Cougars","houston","Houston","1700"
"103","FBS","American","Memphis Tigers","memphis","Memphis","770"
"104","FBS","American","Navy Midshipmen","navy","Navy","1238"
"105","FBS","American","SMU Mustangs","smu","SMU","726"
"106","FBS","American","Temple Owls","temple","Temple","892"
"107","FBS","American","Tulane Green Wave","tulane","Tulane","737"
"108","FBS","American","Tulsa Golden Hurricane","tulsa","Tulsa","382"
"109","FBS","American","UCF Knights","ucf","UCF","3161"
"110","FBS","American","USF Bulls","usf","USF","1225"
"111","FBS","American","Houston Cougars Alternate","houston2","Houston","117"
"112","FBS","American","UCF Knights Alternate","ucf2","UCF","437"
"113","FBS","Conference USA","Charlotte 49ers","charlotte","Charlotte","370"
"114","FBS","Conference USA","FAU Owls","fau","FAU","368"
"115","FBS","Conference USA","FIU Panthers","fiu","FIU","214"
"116","FBS","Conference USA","Louisiana Tech Bulldogs","louisianatech","Louisiana Tech","349"
"117","FBS","Sun Belt","Marshall Thundering Herd","marshall","Marshall","479"
"118","FBS","Conference USA","Middle Tennessee Blue Raiders","middletennessee","Middle Tennessee","354"
"119","FBS","Conference USA","North Texas Mean Green","northtexas","North Texas","720"
"120","FBS","Sun Belt","Old Dominion Monarchs","olddominion","Old Dominion","342"
"121","FBS","Conference USA","Rice Owls","rice","Rice","371"
"122","FBS","Sun Belt","Southern Miss Golden Eagles","southernmiss","Southern Miss","342"
"123","FBS","Conference USA","UAB Blazers","uab","UAB","992"
"124","FBS","Conference USA","UTEP Miners","utep","UTEP","179"
"125","FBS","Conference USA","UTSA Roadrunners","utsa","UTSA","677"
"126","FBS","Conference USA","WKU Hilltoppers","wku","WKU","289"
"127","FBS","MAC","Akron Zips","akron","Akron","271"
"128","FBS","MAC","Ball State Cardinals","ballstate","Ball State","265"
"129","FBS","MAC","Bowling Green Falcons","bowlinggreen","Bowling Green","455"
"130","FBS","MAC","Buffalo Bulls","buffalo","Buffalo","443"
"131","FBS","MAC","Central Michigan Chippewas","centralmichigan","Central Michigan","594"
"132","FBS","MAC","Eastern Michigan Eagles","easternmichigan","Eastern Michigan","327"
"133","FBS","MAC","Kent State Golden Flashes","kentstate","Kent State","333"
"134","FBS","MAC","Miami (OH) RedHawks","miamioh","Miami (OH)","498"
"135","FBS","MAC","Northern Illinois Huskies","northernillinois","Northern Illinois","464"
"136","FBS","MAC","Ohio Bobcats","ohio","Ohio","749"
"137","FBS","MAC","Toledo Rockets","toledo","Toledo","647"
"99","FBS","FBS Independents","UMass Minutemen","umass","UMass","385"
"138","FBS","MAC","Western Michigan Broncos","westernmichigan","Western Michigan","736"
"139","FBS","MAC","Northern Illinois Huskies Alternate","northernillinois2","Northern Illinois","71"
"140","FBS","Mountain West","Air Force Falcons","airforce","Air Force","609"
"141","FBS","Mountain West","Boise State Broncos","boisestate","Boise State","1539"
"142","FBS","Mountain West","Colorado State Rams","coloradostate","Colorado State","692"
"143","FBS","Mountain West","Fresno State Bulldogs","fresnostate","Fresno State","488"
"144","FBS","Mountain West","Hawai'i Rainbow Warriors","hawaii","Hawai'i","636"
"145","FBS","Mountain West","Nevada Wolf Pack","nevada","Nevada","348"
"146","FBS","Mountain West","New Mexico Lobos","newmexico","New Mexico","226"
"147","FBS","Mountain West","San Diego State Aztecs","sandiegostate","San Diego State","773"
"148","FBS","Mountain West","San José State Spartans","sanjosestate","San José State","327"
"149","FBS","Mountain West","UNLV Rebels","unlv","UNLV","309"
"150","FBS","Mountain West","Utah State Aggies","utahstate","Utah State","421"
"151","FBS","Mountain West","Wyoming Cowboys","wyoming","Wyoming","582"
"152","FBS","Sun Belt","Appalachian State Mountaineers","appalachianstate","Appalachian State","1297"
"153","FBS","Sun Belt","Arkansas State Red Wolves","arkansasstate","Arkansas State","188"
"155","FBS","Sun Belt","Georgia Southern Eagles","georgiasouthern","Georgia Southern","911"
"156","FBS","Sun Belt","Georgia State Panthers","georgiastate","Georgia State","476"
"164","FCS","Big Sky","Idaho Vandals","idaho","Idaho","270"
"157","FBS","Sun Belt","Louisiana Ragin' Cajuns","louisiana","Louisiana","422"
"97","FBS","FBS Independents","New Mexico State Aggies","newmexicostate","New Mexico State","146"
"158","FBS","Sun Belt","South Alabama Jaguars","southalabama","South Alabama","447"
"159","FBS","Sun Belt","Texas State Bobcats","texasstate","Texas State","571"
"160","FBS","Sun Belt","Troy Trojans","troy","Troy","410"
"161","FBS","Sun Belt","ULM Warhawks","ulm","ULM","114"
"162","FCS","Big Sky","Cal Poly Mustangs","calpoly","Cal Poly","230"
"163","FCS","Big Sky","Eastern Washington Eagles","easternwashington","Eastern Washington","226"
"165","FCS","Big Sky","Idaho State Bengals","idahostate","Idaho State","48"
"166","FCS","Big Sky","Montana Grizzlies","montana","Montana","436"
"167","FCS","Big Sky","Montana State Bobcats","montanastate","Montana State","332"
"214","FCS","MVFC","North Dakota Fighting Hawks","northdakota","North Dakota","163"
"168","FCS","Big Sky","Northern Arizona Lumberjacks","northernarizona","Northern Arizona","161"
"169","FCS","Big Sky","Northern Colorado Bears","northerncolorado","Northern Colorado","60"
"170","FCS","Big Sky","Portland State Vikings","portlandstate","Portland State","162"
"171","FCS","Big Sky","Sacramento State Hornets","sacramentostate","Sacramento State","108"
"172","FCS","WAC","Southern Utah Thunderbirds","southernutah","Southern Utah","50"
"173","FCS","Big Sky","UC Davis Aggies","ucdavis","UC Davis","251"
"174","FCS","Big Sky","Weber State Wildcats","weberstate","Weber State","107"
"176","FCS","Big South","Charleston Southern Buccaneers","charlestonsouthern","Charleston Southern","38"
"154","FBS","Sun Belt","Coastal Carolina Chanticleers","coastalcarolina","Coastal Carolina","401"
"177","FCS","Big South","Gardner-Webb Runnin' Bulldogs","gardnerwebb","Gardner-Webb","22"
"179","FCS","ASUN","Kennesaw State Owls","kennesawstate","Kennesaw State","458"
"96","FBS","FBS Independents","Liberty Flames","liberty","Liberty","225"
"180","FCS","CAA","Monmouth Hawks","monmouth","Monmouth","28"
"286","FCS","Pioneer","Presbyterian Blue Hose","presbyterian","Presbyterian","53"
"182","FCS","CAA","Albany Great Danes","albany","Albany","96"
"183","FCS","CAA","Delaware Fightin' Blue Hens","delaware","Delaware","294"
"184","FCS","CAA","Elon Phoenix","elon","Elon","72"
"185","FBS","Sun Belt","James Madison Dukes","jamesmadison","James Madison","655"
"186","FCS","CAA","Maine Black Bears","maine","Maine","142"
"187","FCS","CAA","New Hampshire Wildcats","newhampshire","New Hampshire","101"
"188","FCS","CAA","Rhode Island Rams","rhodeisland","Rhode Island","79"
"189","FCS","CAA","Richmond Spiders","richmond","Richmond","113"
"190","FCS","CAA","Stony Brook Seawolves","stonybrook","Stony Brook","108"
"191","FCS","CAA","Towson Tigers","towson","Towson","101"
"192","FCS","CAA","Villanova Wildcats","villanova","Villanova","199"
"193","FCS","CAA","William & Mary Tribe","williammary","William & Mary","275"
"194","FCS","Ivy League","Brown Bears","brown","Brown","127"
"195","FCS","Ivy League","Columbia Lions","columbia","Columbia","259"
"196","FCS","Ivy League","Cornell Big Red","cornell","Cornell","327"
"197","FCS","Ivy League","Dartmouth Big Green","dartmouth","Dartmouth","176"
"198","FCS","Ivy League","Harvard Crimson","harvard","Harvard","473"
"199","FCS","Ivy League","Penn Quakers","pennsylvania","Penn","308"
"200","FCS","Ivy League","Princeton Tigers","princeton","Princeton","244"
"201","FCS","Ivy League","Yale Bulldogs","yale","Yale","315"
"202","FCS","SWAC","Bethune-Cookman Wildcats","bethunecookman","Bethune-Cookman","16"
"203","FCS","MEAC","Delaware State Hornets","delawarestate","Delaware State","9"
"204","FCS","SWAC","Florida A&M Rattlers","floridaam","Florida A&M","57"
"178","FCS","CAA","Hampton Pirates","hampton","Hampton","6"
"205","FCS","MEAC","Howard Bison","howard","Howard","23"
"206","FCS","MEAC","Morgan State Bears","morganstate","Morgan State","6"
"207","FCS","MEAC","Norfolk State Spartans","norfolkstate","Norfolk State","7"
"208","FCS","Big South","North Carolina A&T Aggies","northcarolinaat","North Carolina A&T","27"
"209","FCS","MEAC","NCCU Eagles","nccu","NCCU","12"
"210","FCS","MEAC","South Carolina State Bulldogs","southcarolinastate","South Carolina State","9"
"211","FCS","MVFC","Illinois State Redbirds","illinoisstate","Illinois State","214"
"212","FCS","MVFC","Indiana State Sycamores","indianastate","Indiana State","57"
"213","FCS","MVFC","Missouri State Bears","missouristate","Missouri State","156"
"215","FCS","MVFC","North Dakota State Bison","northdakotastate","North Dakota State","684"
"216","FCS","MVFC","Northern Iowa Panthers","northerniowa","Northern Iowa","277"
"217","FCS","MVFC","South Dakota Coyotes","southdakota","South Dakota","99"
"218","FCS","MVFC","South Dakota State Jackrabbits","southdakotastate","South Dakota State","233"
"219","FCS","MVFC","Southern Illinois Salukis","southernillinois","Southern Illinois","161"
"220","FCS","MVFC","Western Illinois Leathernecks","westernillinois","Western Illinois","85"
"221","FCS","MVFC","Youngstown State Penguins","youngstownstate","Youngstown State","238"
"222","FCS","Big South","Bryant Bulldogs","bryant","Bryant","18"
"223","FCS","Northeast","CCSU Blue Devils","ccsu","CCSU","24"
"224","FCS","Northeast","Duquesne Dukes","duquesne","Duquesne","49"
"287","FCS","Big South","Robert Morris Colonials","robertmorris","Robert Morris","31"
"227","FCS","Northeast","Sacred Heart Pioneers","sacredheart","Sacred Heart","20"
"228","FCS","Northeast","St. Francis Red Flash","stfrancis","St. Francis","28"
"229","FCS","Northeast","Wagner Seahawks","wagner","Wagner","12"
"230","FCS","ASUN","Austin Peay Governors","austinpeay","Austin Peay","62"
"231","FCS","Ohio Valley","Eastern Illinois Panthers","easternillinois","Eastern Illinois","55"
"232","FCS","ASUN","EKU Colonels","easternkentucky","EKU","107"
"233","FCS","ASUN","Jacksonville State Gamecocks","jacksonvillestate","Jacksonville State","264"
"234","FCS","Ohio Valley","Murray State Racers","murraystate","Murray State","79"
"235","FCS","Ohio Valley","Southeast Missouri Redhawks","southeastmissouri","Southeast Missouri","48"
"236","FCS","Ohio Valley","Tennessee State Tigers","tennesseestate","Tennessee State","20"
"237","FCS","Ohio Valley","Tennessee Tech Golden Eagles","tennesseetech","Tennessee Tech","157"
"238","FCS","Ohio Valley","UT Martin Skyhawks","utmartin","UT Martin","47"
"239","FCS","Patriot","Bucknell Bison","bucknell","Bucknell","47"
"240","FCS","Patriot","Colgate Raiders","colgate","Colgate","53"
"241","FCS","Patriot","Fordham Rams","fordham","Fordham","126"
"242","FCS","Patriot","Georgetown Hoyas","georgetown","Georgetown","208"
"243","FCS","Patriot","Holy Cross Crusaders","holycross","Holy Cross","65"
"244","FCS","Patriot","Lafayette Leopards","lafayette","Lafayette","51"
"245","FCS","Patriot","Lehigh Mountain Hawks","lehigh","Lehigh","124"
"246","FCS","Pioneer","Butler Bulldogs","butler","Butler","63"
"175","FCS","Big South","Campbell Fighting Camels","campbell","Campbell","53"
"247","FCS","Pioneer","Davidson Wildcats","davidson","Davidson","60"
"248","FCS","Pioneer","Dayton Flyers","dayton","Dayton","195"
"249","FCS","Pioneer","Drake Bulldogs","drake","Drake","71"
"250","FCS","Pioneer","Marist Red Foxes","marist","Marist","52"
"251","FCS","Pioneer","Morehead State Eagles","moreheadstate","Morehead State","40"
"252","FCS","Pioneer","San Diego Toreros","sandiego","San Diego","65"
"253","FCS","Pioneer","Stetson Hatters","stetson","Stetson","64"
"254","FCS","Pioneer","Valparaiso Beacons","valparaiso","Valparaiso","37"
"255","FCS","SoCon","Chattanooga Mocs","chattanooga","Chattanooga","258"
"256","FCS","SoCon","ETSU Buccaneers","easttennesseestate","ETSU","231"
"257","FCS","SoCon","Furman Paladins","furman","Furman","168"
"258","FCS","SoCon","Mercer Bears","mercer","Mercer","181"
"259","FCS","SoCon","Samford Bulldogs","samford","Samford","86"
"260","FCS","SoCon","The Citadel Bulldogs","citadel","The Citadel","158"
"261","FCS","SoCon","VMI Keydets","vmi","VMI","87"
"262","FCS","SoCon","Western Carolina Catamounts","westerncarolina","Western Carolina","124"
"263","FCS","SoCon","Wofford Terriers","wofford","Wofford","114"
"264","FCS","WAC","Abilene Christian Wildcats","abilenechristian","Abilene Christian","83"
"265","FCS","ASUN","Central Arkansas Bears","centralarkansas","Central Arkansas","124"
"266","FCS","Southland","HCU Huskies","houstonbaptist","HCU","14"
"267","FCS","Southland","UIW Cardinals","incarnateword","UIW","36"
"268","FCS","Southland","Lamar Cardinals","lamar","Lamar","67"
"269","FCS","Southland","McNeese Cowboys","mcneese","McNeese","92"
"270","FCS","Southland","Nicholls Colonels","nicholls","Nicholls","67"
"271","FCS","Southland","Northwestern State Demons","northwesternstate","Northwestern State","44"
"272","FCS","WAC","Sam Houston Bearkats","samhoustonstate","Sam Houston","244"
"273","FCS","Southland","Southeastern Lions","southeasternlouisiana","Southeastern","91"
"274","FCS","WAC","Stephen F. Austin Lumberjacks","stephenfaustin","Stephen F. Austin","101"
"275","FCS","SWAC","Alabama A&M Bulldogs","alabamaam","Alabama A&M","15"
"276","FCS","SWAC","Alabama State Hornets","alabamastate","Alabama State","18"
"277","FCS","SWAC","Alcorn State Braves","alcornstate","Alcorn State","6"
"284","FCS","SWAC","UAPB Golden Lions","uapb","UAPB","12"
"278","FCS","SWAC","Grambling Tigers","grambling","Grambling","17"
"279","FCS","SWAC","Jackson State Tigers","jacksonstate","Jackson State","50"
"280","FCS","SWAC","MVSU Delta Devils","mvsu","MVSU","5"
"281","FCS","SWAC","Prairie View A&M Panthers","prairieviewam","Prairie View A&M","17"
"282","FCS","SWAC","Southern Jaguars","southern","Southern","36"
"283","FCS","SWAC","Texas Southern Tigers","texassouthern","Texas Southern","20"
"285","FCS","WAC","Utah Tech Trailblazers","utahtech","Utah Tech","33"
"181","FCS","ASUN","North Alabama Lions","northalabama","North Alabama","173"
"288","FCS","WAC","Tarleton Texans","tarletonstate","Tarleton","70"
"1156","FCS","Southland","Texas A&M-Commerce Lions","texasamcommerce","Texas A&M-Commerce","48"
"1115","FCS","Ohio Valley","Lindenwood Lions","lindenwood","Lindenwood","29"
"226","FCS","Northeast","Merrimack Warriors","merrimack","Merrimack","14"
"1193","FCS","Northeast","Stonehill Skyhawks","stonehill","Stonehill","8"
"1349","FCS","Pioneer","St. Thomas Tommies","stthomasmn","St. Thomas","112"
"2760","FBS","Big Ten","Ohio State Buckeyes Trophy","ohiostate3","Ohio State","514"
"52","FBS","Big Ten","Michigan Wolverines Trophy","michigan3","Michigan","550"
"29","FBS","Big 12","West Virginia Mountaineers Alternate","westvirginia2","West Virginia","544"
"69","FBS","Pac-12","Washington Huskies Alternate","washington2","Washington","554"
"49","FBS","Big Ten","Nebraska Cornhuskers Alternate","nebraska2","Nebraska","1136"
"89","FBS","SEC","Auburn Tigers Alternate","auburn2","Auburn","773"
"90","FBS","SEC","Florida Gators Trophy","florida3","Florida","519"
"30","FBS","Big 12","Oklahoma State Cowboys Alternate","oklahomastate2","Oklahoma State","521"
"2846","FBS","Big Ten","Northwestern Wildcats Alternate","northwestern2","Northwestern","110"
"225","FCS","Northeast","LIU Sharks","liu","LIU","13"
"91","FBS","SEC","South Carolina Gamecocks Alternate","southcarolina2","South Carolina","186"
"31","FBS","Big 12","Texas Longhorns Trophy 2","texas4","Texas","347"
"53","FBS","Big Ten","Michigan Wolverines Trophy 2","michigan4","Michigan","18"
"92","FBS","SEC","LSU Tigers Alternate","lsu2","LSU","605"
"2813","FBS","ACC","Clemson Tigers Alternate","clemson2","Clemson","206"
"2848","FBS","Big Ten","Penn State Nittany Lions Alternate","pennstate2","Penn State","287"
"2863","FBS","SEC","Georgia Bulldogs Alternate","georgia2","Georgia","539"
"2865","FBS","FBS Independents","Notre Dame Fighting Irish Alternate","notredame2","Notre Dame","357"
"2901","FCS","WAC","UTRGV Vaqueros","texasriograndevalley","UTRGV","2"
"2903","FBS","SEC","Arkansas Razorbacks Alternate","arkansas2","Arkansas","64"
"2904","FBS","SEC","South Carolina Gamecocks Trophy","southcarolina3","South Carolina","31"
